,Song Name,Danceability,Energy,Key,Loudness,Mode,Speechiness,Acousticness,Instramentalness,Liveness,Valence,Tempo,Type,ID,URI,Track Href,Analysis URL,Duration (ms),Time Signature
0,Dance Monkey,0.824,0.588,6,-6.4,0,0.0924,0.692,0.000104,0.149,0.513,98.027,audio_features,2XU0oxnq2qxCpomAAuJY8K,spotify:track:2XU0oxnq2qxCpomAAuJY8K,https://api.spotify.com/v1/tracks/2XU0oxnq2qxCpomAAuJY8K,https://api.spotify.com/v1/audio-analysis/2XU0oxnq2qxCpomAAuJY8K,209438,4
1,Yummy,0.662,0.519,9,-6.554,0,0.106,0.404,0.0,0.121,0.495,145.841,audio_features,41L3O37CECZt3N7ziG2z7l,spotify:track:41L3O37CECZt3N7ziG2z7l,https://api.spotify.com/v1/tracks/41L3O37CECZt3N7ziG2z7l,https://api.spotify.com/v1/audio-analysis/41L3O37CECZt3N7ziG2z7l,210427,4
2,ROXANNE,0.621,0.601,6,-5.616,0,0.148,0.0522,0.0,0.46,0.457,116.735,audio_features,696DnlkuDOXcMAnKlTgXXK,spotify:track:696DnlkuDOXcMAnKlTgXXK,https://api.spotify.com/v1/tracks/696DnlkuDOXcMAnKlTgXXK,https://api.spotify.com/v1/audio-analysis/696DnlkuDOXcMAnKlTgXXK,163636,5
3,Memories,0.764,0.32,11,-7.209,1,0.0546,0.837,0.0,0.0822,0.575,91.019,audio_features,2b8fOow8UzyDFAE27YhOZM,spotify:track:2b8fOow8UzyDFAE27YhOZM,https://api.spotify.com/v1/tracks/2b8fOow8UzyDFAE27YhOZM,https://api.spotify.com/v1/audio-analysis/2b8fOow8UzyDFAE27YhOZM,189486,4
4,Circles,0.695,0.762,0,-3.497,1,0.0395,0.192,0.00244,0.0863,0.553,120.042,audio_features,21jGcNKet2qwijlDFuPiPb,spotify:track:21jGcNKet2qwijlDFuPiPb,https://api.spotify.com/v1/tracks/21jGcNKet2qwijlDFuPiPb,https://api.spotify.com/v1/audio-analysis/21jGcNKet2qwijlDFuPiPb,215280,4
5,Psycho,0.664,0.666,8,-2.203,1,0.0446,0.193,0.0,0.0854,0.405,139.987,audio_features,3CYH422oy1cZNoo0GTG1TK,spotify:track:3CYH422oy1cZNoo0GTG1TK,https://api.spotify.com/v1/tracks/3CYH422oy1cZNoo0GTG1TK,https://api.spotify.com/v1/audio-analysis/3CYH422oy1cZNoo0GTG1TK,210560,4
6,Falling,0.784,0.43,10,-8.756,0,0.0364,0.123,0.0,0.0887,0.236,127.087,audio_features,4TnjEaWOeW0eKTKIEvJyCa,spotify:track:4TnjEaWOeW0eKTKIEvJyCa,https://api.spotify.com/v1/tracks/4TnjEaWOeW0eKTKIEvJyCa,https://api.spotify.com/v1/audio-analysis/4TnjEaWOeW0eKTKIEvJyCa,159382,4
7,Someone You Loved,0.501,0.405,1,-5.679,1,0.0319,0.751,0.0,0.105,0.446,109.891,audio_features,7qEHsqek33rTcFNT9PFqLf,spotify:track:7qEHsqek33rTcFNT9PFqLf,https://api.spotify.com/v1/tracks/7qEHsqek33rTcFNT9PFqLf,https://api.spotify.com/v1/audio-analysis/7qEHsqek33rTcFNT9PFqLf,182161,4
8,Lose You To Love Me,0.488,0.343,4,-8.985,1,0.0436,0.556,0.0,0.21,0.0978,102.819,audio_features,4l0Mvzj72xxOpRrp6h8nHi,spotify:track:4l0Mvzj72xxOpRrp6h8nHi,https://api.spotify.com/v1/tracks/4l0Mvzj72xxOpRrp6h8nHi,https://api.spotify.com/v1/audio-analysis/4l0Mvzj72xxOpRrp6h8nHi,206459,4
9,everything i wanted,0.704,0.225,6,-14.454,0,0.0994,0.902,0.657,0.106,0.243,120.006,audio_features,3ZCTVFBt2Brf31RLEnCkWJ,spotify:track:3ZCTVFBt2Brf31RLEnCkWJ,https://api.spotify.com/v1/tracks/3ZCTVFBt2Brf31RLEnCkWJ,https://api.spotify.com/v1/audio-analysis/3ZCTVFBt2Brf31RLEnCkWJ,245426,4
10,Don't Start Now,0.794,0.793,11,-4.521,0,0.0842,0.0125,0.0,0.0952,0.677,123.941,audio_features,6WrI0LAC5M1Rw2MnX2ZvEg,spotify:track:6WrI0LAC5M1Rw2MnX2ZvEg,https://api.spotify.com/v1/tracks/6WrI0LAC5M1Rw2MnX2ZvEg,https://api.spotify.com/v1/audio-analysis/6WrI0LAC5M1Rw2MnX2ZvEg,183290,4
11,Señorita,0.759,0.548,9,-6.049,0,0.029,0.0392,0.0,0.0828,0.749,116.967,audio_features,6v3KW9xbzN5yKLt9YKDYA2,spotify:track:6v3KW9xbzN5yKLt9YKDYA2,https://api.spotify.com/v1/tracks/6v3KW9xbzN5yKLt9YKDYA2,https://api.spotify.com/v1/audio-analysis/6v3KW9xbzN5yKLt9YKDYA2,190800,4
12,Mean It,0.746,0.45,7,-8.543,1,0.0872,0.0407,0.0,0.172,0.336,95.998,audio_features,5ACkb3CikcSZPF0h7FSZAp,spotify:track:5ACkb3CikcSZPF0h7FSZAp,https://api.spotify.com/v1/tracks/5ACkb3CikcSZPF0h7FSZAp,https://api.spotify.com/v1/audio-analysis/5ACkb3CikcSZPF0h7FSZAp,232853,4
13,The Box,0.896,0.586,10,-6.687,0,0.0559,0.104,0.0,0.79,0.642,116.971,audio_features,0nbXyq5TXYPCO7pr3N8S4I,spotify:track:0nbXyq5TXYPCO7pr3N8S4I,https://api.spotify.com/v1/tracks/0nbXyq5TXYPCO7pr3N8S4I,https://api.spotify.com/v1/audio-analysis/0nbXyq5TXYPCO7pr3N8S4I,196653,4
14,It's You,0.732,0.463,11,-6.972,0,0.0287,0.374,0.0,0.194,0.397,95.971,audio_features,5DqdesEfbRyOlSS3Tf6c29,spotify:track:5DqdesEfbRyOlSS3Tf6c29,https://api.spotify.com/v1/tracks/5DqdesEfbRyOlSS3Tf6c29,https://api.spotify.com/v1/audio-analysis/5DqdesEfbRyOlSS3Tf6c29,212607,4
15,I.F.L.Y.,0.812,0.519,2,-4.823,1,0.0385,0.379,0.0,0.13,0.554,104.954,audio_features,4a6q8CR2hzLk2plDkSxkfD,spotify:track:4a6q8CR2hzLk2plDkSxkfD,https://api.spotify.com/v1/tracks/4a6q8CR2hzLk2plDkSxkfD,https://api.spotify.com/v1/audio-analysis/4a6q8CR2hzLk2plDkSxkfD,165714,4
16,Rare,0.838,0.545,5,-6.713,1,0.0706,0.208,8.01e-05,0.103,0.631,114.998,audio_features,7HMmFQsKsljwTw8bS7lu19,spotify:track:7HMmFQsKsljwTw8bS7lu19,https://api.spotify.com/v1/tracks/7HMmFQsKsljwTw8bS7lu19,https://api.spotify.com/v1/audio-analysis/7HMmFQsKsljwTw8bS7lu19,220590,4
17,Watermelon Sugar,0.548,0.816,0,-4.209,1,0.0465,0.122,0.0,0.335,0.557,95.39,audio_features,6UelLqGlWMcVH1E5c4H7lY,spotify:track:6UelLqGlWMcVH1E5c4H7lY,https://api.spotify.com/v1/tracks/6UelLqGlWMcVH1E5c4H7lY,https://api.spotify.com/v1/audio-analysis/6UelLqGlWMcVH1E5c4H7lY,174000,4
18,Blinding Lights,0.513,0.796,1,-4.075,1,0.0629,0.00147,0.000209,0.0938,0.345,171.017,audio_features,0sf12qNH5qcw8qpgymFOqD,spotify:track:0sf12qNH5qcw8qpgymFOqD,https://api.spotify.com/v1/tracks/0sf12qNH5qcw8qpgymFOqD,https://api.spotify.com/v1/audio-analysis/0sf12qNH5qcw8qpgymFOqD,201573,4
19,My Oh My (feat. DaBaby),0.724,0.491,8,-6.024,1,0.0296,0.018,1.29e-05,0.0887,0.383,105.046,audio_features,3yOlyBJuViE2YSGn3nVE1K,spotify:track:3yOlyBJuViE2YSGn3nVE1K,https://api.spotify.com/v1/tracks/3yOlyBJuViE2YSGn3nVE1K,https://api.spotify.com/v1/audio-analysis/3yOlyBJuViE2YSGn3nVE1K,170746,4
20,hot girl bummer,0.778,0.559,6,-7.109,0,0.0776,0.128,0.0,0.399,0.678,129.989,audio_features,7aiClxsDWFRQ0Kzk5KI5ku,spotify:track:7aiClxsDWFRQ0Kzk5KI5ku,https://api.spotify.com/v1/tracks/7aiClxsDWFRQ0Kzk5KI5ku,https://api.spotify.com/v1/audio-analysis/7aiClxsDWFRQ0Kzk5KI5ku,185093,1
21,Trampoline (with ZAYN),0.619,0.459,7,-5.782,0,0.0334,0.56,0.0,0.137,0.498,126.803,audio_features,2ez6qvOTHKeI3ss80NGqnI,spotify:track:2ez6qvOTHKeI3ss80NGqnI,https://api.spotify.com/v1/tracks/2ez6qvOTHKeI3ss80NGqnI,https://api.spotify.com/v1/audio-analysis/2ez6qvOTHKeI3ss80NGqnI,184280,4
22,Life Is Good (feat. Drake),0.676,0.609,2,-5.831,0,0.481,0.0706,0.0,0.152,0.508,142.037,audio_features,5yY9lUy8nbvjM1Uyo1Uqoc,spotify:track:5yY9lUy8nbvjM1Uyo1Uqoc,https://api.spotify.com/v1/tracks/5yY9lUy8nbvjM1Uyo1Uqoc,https://api.spotify.com/v1/audio-analysis/5yY9lUy8nbvjM1Uyo1Uqoc,237735,4
23,Before You Go,0.459,0.575,3,-4.858,1,0.0573,0.604,0.0,0.0885,0.183,111.881,audio_features,2gMXnyrvIjhVBUZwvLZDMP,spotify:track:2gMXnyrvIjhVBUZwvLZDMP,https://api.spotify.com/v1/tracks/2gMXnyrvIjhVBUZwvLZDMP,https://api.spotify.com/v1/audio-analysis/2gMXnyrvIjhVBUZwvLZDMP,215107,4
24,Say So,0.787,0.673,11,-4.577,0,0.158,0.256,3.57e-06,0.0904,0.786,110.962,audio_features,3Dv1eDb0MEgF93GpLXlucZ,spotify:track:3Dv1eDb0MEgF93GpLXlucZ,https://api.spotify.com/v1/tracks/3Dv1eDb0MEgF93GpLXlucZ,https://api.spotify.com/v1/audio-analysis/3Dv1eDb0MEgF93GpLXlucZ,237893,4
25,Mimpi (feat. Alif),0.825,0.728,1,-7.056,0,0.294,0.531,0.000109,0.0986,0.868,149.971,audio_features,13j4wsiG0BjaDb04YZWIXV,spotify:track:13j4wsiG0BjaDb04YZWIXV,https://api.spotify.com/v1/tracks/13j4wsiG0BjaDb04YZWIXV,https://api.spotify.com/v1/audio-analysis/13j4wsiG0BjaDb04YZWIXV,252800,4
26,How Do You Sleep?,0.477,0.682,1,-4.931,0,0.0925,0.153,0.0,0.0763,0.345,110.567,audio_features,6b2RcmUt1g9N9mQ3CbjX2Y,spotify:track:6b2RcmUt1g9N9mQ3CbjX2Y,https://api.spotify.com/v1/tracks/6b2RcmUt1g9N9mQ3CbjX2Y,https://api.spotify.com/v1/audio-analysis/6b2RcmUt1g9N9mQ3CbjX2Y,202205,5
27,Cinta Luar Biasa,0.582,0.232,9,-11.863,1,0.0309,0.811,0.0,0.1,0.317,135.889,audio_features,1JxoK0EU5SHupbXjSwYaN7,spotify:track:1JxoK0EU5SHupbXjSwYaN7,https://api.spotify.com/v1/tracks/1JxoK0EU5SHupbXjSwYaN7,https://api.spotify.com/v1/audio-analysis/1JxoK0EU5SHupbXjSwYaN7,255563,4
28,Hanya Rindu,0.285,0.162,7,-12.226,1,0.0347,0.888,0.0,0.113,0.2,178.754,audio_features,2wLpTF8xnsSHDpFGeV43DT,spotify:track:2wLpTF8xnsSHDpFGeV43DT,https://api.spotify.com/v1/tracks/2wLpTF8xnsSHDpFGeV43DT,https://api.spotify.com/v1/audio-analysis/2wLpTF8xnsSHDpFGeV43DT,251975,3
29,I Love You 3000,0.648,0.382,6,-7.85,1,0.0396,0.911,0.0,0.393,0.408,90.099,audio_features,3znQ9i61vfe2E7URHlOiyc,spotify:track:3znQ9i61vfe2E7URHlOiyc,https://api.spotify.com/v1/tracks/3znQ9i61vfe2E7URHlOiyc,https://api.spotify.com/v1/audio-analysis/3znQ9i61vfe2E7URHlOiyc,209734,4
30,"Alone, Pt. II",0.67,0.668,3,-4.306,0,0.0422,0.536,0.0,0.133,0.608,88.033,audio_features,0bMbDctzMmTyK2j74j3nF3,spotify:track:0bMbDctzMmTyK2j74j3nF3,https://api.spotify.com/v1/tracks/0bMbDctzMmTyK2j74j3nF3,https://api.spotify.com/v1/audio-analysis/0bMbDctzMmTyK2j74j3nF3,179053,4
31,Yellow Hearts,0.865,0.438,7,-8.943,1,0.0719,0.177,0.0,0.0743,0.695,129.038,audio_features,2W4yABdLc4Jnds67Poi5Nl,spotify:track:2W4yABdLc4Jnds67Poi5Nl,https://api.spotify.com/v1/tracks/2W4yABdLc4Jnds67Poi5Nl,https://api.spotify.com/v1/audio-analysis/2W4yABdLc4Jnds67Poi5Nl,223258,4
32,Adore You,0.676,0.771,8,-3.675,1,0.0483,0.0237,7e-06,0.102,0.569,99.048,audio_features,3jjujdWJ72nww5eGnfs2E7,spotify:track:3jjujdWJ72nww5eGnfs2E7,https://api.spotify.com/v1/tracks/3jjujdWJ72nww5eGnfs2E7,https://api.spotify.com/v1/audio-analysis/3jjujdWJ72nww5eGnfs2E7,207133,4
33,No Idea,0.656,0.614,6,-4.973,0,0.102,0.558,0.000862,0.215,0.35,128.038,audio_features,3VyjsVV24RmBIbWJAeUJNu,spotify:track:3VyjsVV24RmBIbWJAeUJNu,https://api.spotify.com/v1/tracks/3VyjsVV24RmBIbWJAeUJNu,https://api.spotify.com/v1/audio-analysis/3VyjsVV24RmBIbWJAeUJNu,153750,4
34,Haa Tepok,0.848,0.502,10,-12.368,0,0.309,0.661,0.00252,0.152,0.683,87.496,audio_features,65pndcjVsNEJpwxfTgcdv0,spotify:track:65pndcjVsNEJpwxfTgcdv0,https://api.spotify.com/v1/tracks/65pndcjVsNEJpwxfTgcdv0,https://api.spotify.com/v1/audio-analysis/65pndcjVsNEJpwxfTgcdv0,210943,4
35,You should be sad,0.591,0.585,2,-6.35,1,0.0277,0.143,0.0,0.109,0.324,110.94,audio_features,2usxQITOSDqvkYiI0oIwao,spotify:track:2usxQITOSDqvkYiI0oIwao,https://api.spotify.com/v1/tracks/2usxQITOSDqvkYiI0oIwao,https://api.spotify.com/v1/audio-analysis/2usxQITOSDqvkYiI0oIwao,205473,4
36,"10,000 Hours (with Justin Bieber)",0.654,0.63,10,-4.644,1,0.0259,0.153,0.0,0.111,0.43,89.991,audio_features,2wrJq5XKLnmhRXHIAf9xBa,spotify:track:2wrJq5XKLnmhRXHIAf9xBa,https://api.spotify.com/v1/tracks/2wrJq5XKLnmhRXHIAf9xBa,https://api.spotify.com/v1/audio-analysis/2wrJq5XKLnmhRXHIAf9xBa,167693,4
37,Goodbyes (feat. Young Thug),0.548,0.653,5,-3.875,1,0.081,0.456,0.0,0.103,0.163,150.068,audio_features,0t3ZvGKlmYmVsDzBJAXK8C,spotify:track:0t3ZvGKlmYmVsDzBJAXK8C,https://api.spotify.com/v1/tracks/0t3ZvGKlmYmVsDzBJAXK8C,https://api.spotify.com/v1/audio-analysis/0t3ZvGKlmYmVsDzBJAXK8C,174853,4
38,Boy With Luv (feat. Halsey),0.645,0.862,11,-4.757,0,0.0965,0.0923,0.0,0.192,0.798,119.991,audio_features,5KawlOMHjWeUjQtnuRs22c,spotify:track:5KawlOMHjWeUjQtnuRs22c,https://api.spotify.com/v1/tracks/5KawlOMHjWeUjQtnuRs22c,https://api.spotify.com/v1/audio-analysis/5KawlOMHjWeUjQtnuRs22c,229773,4
39,Beautiful People (feat. Khalid),0.64,0.648,5,-8.113,0,0.187,0.124,0.0,0.0802,0.548,92.977,audio_features,70eFcWOvlMObDhURTqT4Fv,spotify:track:70eFcWOvlMObDhURTqT4Fv,https://api.spotify.com/v1/tracks/70eFcWOvlMObDhURTqT4Fv,https://api.spotify.com/v1/audio-analysis/70eFcWOvlMObDhURTqT4Fv,197867,4
40,Changes,0.532,0.455,2,-8.366,1,0.156,0.452,0.0,0.237,0.204,148.182,audio_features,3vUc9WQpoca15404jNdzf9,spotify:track:3vUc9WQpoca15404jNdzf9,https://api.spotify.com/v1/tracks/3vUc9WQpoca15404jNdzf9,https://api.spotify.com/v1/audio-analysis/3vUc9WQpoca15404jNdzf9,160187,4
41,If The World Was Ending (feat. Julia Michaels),0.464,0.473,1,-10.086,1,0.129,0.866,0.0,0.109,0.604,75.801,audio_features,2kJwzbxV2ppxnQoYw4GLBZ,spotify:track:2kJwzbxV2ppxnQoYw4GLBZ,https://api.spotify.com/v1/tracks/2kJwzbxV2ppxnQoYw4GLBZ,https://api.spotify.com/v1/audio-analysis/2kJwzbxV2ppxnQoYw4GLBZ,208687,4
42,I Don't Care (with Justin Bieber),0.798,0.675,6,-5.041,1,0.0442,0.0912,0.0,0.0894,0.842,101.956,audio_features,0hVXuCcriWRGvwMV1r5Yn9,spotify:track:0hVXuCcriWRGvwMV1r5Yn9,https://api.spotify.com/v1/tracks/0hVXuCcriWRGvwMV1r5Yn9,https://api.spotify.com/v1/audio-analysis/0hVXuCcriWRGvwMV1r5Yn9,219947,4
43,bad guy,0.701,0.425,7,-10.965,1,0.375,0.328,0.13,0.1,0.562,135.128,audio_features,2Fxmhks0bxGSBdJ92vM42m,spotify:track:2Fxmhks0bxGSBdJ92vM42m,https://api.spotify.com/v1/tracks/2Fxmhks0bxGSBdJ92vM42m,https://api.spotify.com/v1/audio-analysis/2Fxmhks0bxGSBdJ92vM42m,194088,4
44,comethru,0.795,0.178,0,-11.991,1,0.0574,0.607,0.0,0.623,0.608,93.982,audio_features,18uwL0vNUanqZH0ro2QcOP,spotify:track:18uwL0vNUanqZH0ro2QcOP,https://api.spotify.com/v1/tracks/18uwL0vNUanqZH0ro2QcOP,https://api.spotify.com/v1/audio-analysis/18uwL0vNUanqZH0ro2QcOP,181613,4
45,Sunflower - Spider-Man: Into the Spider-Verse,0.755,0.522,2,-4.368,1,0.0575,0.533,0.0,0.0685,0.925,89.96,audio_features,0RiRZpuVRbi7oqRdSMwhQY,spotify:track:0RiRZpuVRbi7oqRdSMwhQY,https://api.spotify.com/v1/tracks/0RiRZpuVRbi7oqRdSMwhQY,https://api.spotify.com/v1/audio-analysis/0RiRZpuVRbi7oqRdSMwhQY,157560,4
46,Can We Kiss Forever?,0.522,0.128,4,-18.717,1,0.0357,0.894,0.026,0.0941,0.124,109.986,audio_features,58wyJLv6yH1La9NIZPl3ne,spotify:track:58wyJLv6yH1La9NIZPl3ne,https://api.spotify.com/v1/tracks/58wyJLv6yH1La9NIZPl3ne,https://api.spotify.com/v1/audio-analysis/58wyJLv6yH1La9NIZPl3ne,187932,4
47,Make It Right (feat. Lauv),0.584,0.685,7,-7.811,1,0.425,0.0304,0.0,0.189,0.345,97.551,audio_features,314ZkcV7oLWG8yWE7LABvH,spotify:track:314ZkcV7oLWG8yWE7LABvH,https://api.spotify.com/v1/tracks/314ZkcV7oLWG8yWE7LABvH,https://api.spotify.com/v1/audio-analysis/314ZkcV7oLWG8yWE7LABvH,226321,4
48,Any song,0.874,0.787,10,-2.416,0,0.129,0.118,0.0,0.11,0.896,108.007,audio_features,1iIhGHzzrzqQfuNkFI2qAn,spotify:track:1iIhGHzzrzqQfuNkFI2qAn,https://api.spotify.com/v1/tracks/1iIhGHzzrzqQfuNkFI2qAn,https://api.spotify.com/v1/audio-analysis/1iIhGHzzrzqQfuNkFI2qAn,227227,4
49,Takeaway,0.528,0.511,3,-8.144,1,0.0324,0.126,0.0,0.101,0.351,100.1,audio_features,3g0mEQx3NTanacLseoP0Gw,spotify:track:3g0mEQx3NTanacLseoP0Gw,https://api.spotify.com/v1/tracks/3g0mEQx3NTanacLseoP0Gw,https://api.spotify.com/v1/audio-analysis/3g0mEQx3NTanacLseoP0Gw,209880,4
