,Song Name,Danceability,Energy,Key,Loudness,Mode,Speechiness,Acousticness,Instramentalness,Liveness,Valence,Tempo,Type,ID,URI,Track Href,Analysis URL,Duration (ms),Time Signature
0,Yummy,0.662,0.519,9,-6.554,0,0.106,0.404,0.0,0.121,0.495,145.841,audio_features,41L3O37CECZt3N7ziG2z7l,spotify:track:41L3O37CECZt3N7ziG2z7l,https://api.spotify.com/v1/tracks/41L3O37CECZt3N7ziG2z7l,https://api.spotify.com/v1/audio-analysis/41L3O37CECZt3N7ziG2z7l,210427,4
1,Señorita,0.759,0.548,9,-6.049,0,0.029,0.0392,0.0,0.0828,0.749,116.967,audio_features,6v3KW9xbzN5yKLt9YKDYA2,spotify:track:6v3KW9xbzN5yKLt9YKDYA2,https://api.spotify.com/v1/tracks/6v3KW9xbzN5yKLt9YKDYA2,https://api.spotify.com/v1/audio-analysis/6v3KW9xbzN5yKLt9YKDYA2,190800,4
2,Memories,0.764,0.32,11,-7.209,1,0.0546,0.837,0.0,0.0822,0.575,91.019,audio_features,2b8fOow8UzyDFAE27YhOZM,spotify:track:2b8fOow8UzyDFAE27YhOZM,https://api.spotify.com/v1/tracks/2b8fOow8UzyDFAE27YhOZM,https://api.spotify.com/v1/audio-analysis/2b8fOow8UzyDFAE27YhOZM,189486,4
3,Dance Monkey,0.824,0.588,6,-6.4,0,0.0924,0.692,0.000104,0.149,0.513,98.027,audio_features,2XU0oxnq2qxCpomAAuJY8K,spotify:track:2XU0oxnq2qxCpomAAuJY8K,https://api.spotify.com/v1/tracks/2XU0oxnq2qxCpomAAuJY8K,https://api.spotify.com/v1/audio-analysis/2XU0oxnq2qxCpomAAuJY8K,209438,4
4,"讓愛高飛 - 劇集 ""多功能老婆"" 片尾曲",0.485,0.377,10,-9.091,1,0.03,0.71,0.0,0.119,0.355,139.976,audio_features,7nIxo0dE9d4FBwPYhmdQae,spotify:track:7nIxo0dE9d4FBwPYhmdQae,https://api.spotify.com/v1/tracks/7nIxo0dE9d4FBwPYhmdQae,https://api.spotify.com/v1/audio-analysis/7nIxo0dE9d4FBwPYhmdQae,220286,4
5,ROXANNE,0.621,0.601,6,-5.616,0,0.148,0.0522,0.0,0.46,0.457,116.735,audio_features,696DnlkuDOXcMAnKlTgXXK,spotify:track:696DnlkuDOXcMAnKlTgXXK,https://api.spotify.com/v1/tracks/696DnlkuDOXcMAnKlTgXXK,https://api.spotify.com/v1/audio-analysis/696DnlkuDOXcMAnKlTgXXK,163636,5
6,Rare,0.838,0.545,5,-6.713,1,0.0706,0.208,8.01e-05,0.103,0.631,114.998,audio_features,7HMmFQsKsljwTw8bS7lu19,spotify:track:7HMmFQsKsljwTw8bS7lu19,https://api.spotify.com/v1/tracks/7HMmFQsKsljwTw8bS7lu19,https://api.spotify.com/v1/audio-analysis/7HMmFQsKsljwTw8bS7lu19,220590,4
7,Don't Start Now,0.794,0.793,11,-4.521,0,0.0842,0.0125,0.0,0.0952,0.677,123.941,audio_features,6WrI0LAC5M1Rw2MnX2ZvEg,spotify:track:6WrI0LAC5M1Rw2MnX2ZvEg,https://api.spotify.com/v1/tracks/6WrI0LAC5M1Rw2MnX2ZvEg,https://api.spotify.com/v1/audio-analysis/6WrI0LAC5M1Rw2MnX2ZvEg,183290,4
8,Circles,0.695,0.762,0,-3.497,1,0.0395,0.192,0.00244,0.0863,0.553,120.042,audio_features,21jGcNKet2qwijlDFuPiPb,spotify:track:21jGcNKet2qwijlDFuPiPb,https://api.spotify.com/v1/tracks/21jGcNKet2qwijlDFuPiPb,https://api.spotify.com/v1/audio-analysis/21jGcNKet2qwijlDFuPiPb,215280,4
9,everything i wanted,0.704,0.225,6,-14.454,0,0.0994,0.902,0.657,0.106,0.243,120.006,audio_features,3ZCTVFBt2Brf31RLEnCkWJ,spotify:track:3ZCTVFBt2Brf31RLEnCkWJ,https://api.spotify.com/v1/tracks/3ZCTVFBt2Brf31RLEnCkWJ,https://api.spotify.com/v1/audio-analysis/3ZCTVFBt2Brf31RLEnCkWJ,245426,4
10,Life Is Good (feat. Drake),0.676,0.609,2,-5.831,0,0.481,0.0706,0.0,0.152,0.508,142.037,audio_features,5yY9lUy8nbvjM1Uyo1Uqoc,spotify:track:5yY9lUy8nbvjM1Uyo1Uqoc,https://api.spotify.com/v1/tracks/5yY9lUy8nbvjM1Uyo1Uqoc,https://api.spotify.com/v1/audio-analysis/5yY9lUy8nbvjM1Uyo1Uqoc,237735,4
11,說好不哭,0.512,0.35,10,-11.843,1,0.0311,0.478,1.15e-06,0.0855,0.343,152.023,audio_features,56wVfJKtnwlSZtC4NVgIrf,spotify:track:56wVfJKtnwlSZtC4NVgIrf,https://api.spotify.com/v1/tracks/56wVfJKtnwlSZtC4NVgIrf,https://api.spotify.com/v1/audio-analysis/56wVfJKtnwlSZtC4NVgIrf,222333,4
12,The Box,0.896,0.586,10,-6.687,0,0.0559,0.104,0.0,0.79,0.642,116.971,audio_features,0nbXyq5TXYPCO7pr3N8S4I,spotify:track:0nbXyq5TXYPCO7pr3N8S4I,https://api.spotify.com/v1/tracks/0nbXyq5TXYPCO7pr3N8S4I,https://api.spotify.com/v1/audio-analysis/0nbXyq5TXYPCO7pr3N8S4I,196653,4
13,Psycho,0.664,0.666,8,-2.203,1,0.0446,0.193,0.0,0.0854,0.405,139.987,audio_features,3CYH422oy1cZNoo0GTG1TK,spotify:track:3CYH422oy1cZNoo0GTG1TK,https://api.spotify.com/v1/tracks/3CYH422oy1cZNoo0GTG1TK,https://api.spotify.com/v1/audio-analysis/3CYH422oy1cZNoo0GTG1TK,210560,4
14,Lose You To Love Me,0.488,0.343,4,-8.985,1,0.0436,0.556,0.0,0.21,0.0978,102.819,audio_features,4l0Mvzj72xxOpRrp6h8nHi,spotify:track:4l0Mvzj72xxOpRrp6h8nHi,https://api.spotify.com/v1/tracks/4l0Mvzj72xxOpRrp6h8nHi,https://api.spotify.com/v1/audio-analysis/4l0Mvzj72xxOpRrp6h8nHi,206459,4
15,Blinding Lights,0.513,0.796,1,-4.075,1,0.0629,0.00147,0.000209,0.0938,0.345,171.017,audio_features,0sf12qNH5qcw8qpgymFOqD,spotify:track:0sf12qNH5qcw8qpgymFOqD,https://api.spotify.com/v1/tracks/0sf12qNH5qcw8qpgymFOqD,https://api.spotify.com/v1/audio-analysis/0sf12qNH5qcw8qpgymFOqD,201573,4
16,Falling,0.784,0.43,10,-8.756,0,0.0364,0.123,0.0,0.0887,0.236,127.087,audio_features,4TnjEaWOeW0eKTKIEvJyCa,spotify:track:4TnjEaWOeW0eKTKIEvJyCa,https://api.spotify.com/v1/tracks/4TnjEaWOeW0eKTKIEvJyCa,https://api.spotify.com/v1/audio-analysis/4TnjEaWOeW0eKTKIEvJyCa,159382,4
17,You should be sad,0.591,0.585,2,-6.35,1,0.0277,0.143,0.0,0.109,0.324,110.94,audio_features,2usxQITOSDqvkYiI0oIwao,spotify:track:2usxQITOSDqvkYiI0oIwao,https://api.spotify.com/v1/tracks/2usxQITOSDqvkYiI0oIwao,https://api.spotify.com/v1/audio-analysis/2usxQITOSDqvkYiI0oIwao,205473,4
18,bad guy,0.701,0.425,7,-10.965,1,0.375,0.328,0.13,0.1,0.562,135.128,audio_features,2Fxmhks0bxGSBdJ92vM42m,spotify:track:2Fxmhks0bxGSBdJ92vM42m,https://api.spotify.com/v1/tracks/2Fxmhks0bxGSBdJ92vM42m,https://api.spotify.com/v1/audio-analysis/2Fxmhks0bxGSBdJ92vM42m,194088,4
19,My Oh My (feat. DaBaby),0.724,0.491,8,-6.024,1,0.0296,0.018,1.29e-05,0.0887,0.383,105.046,audio_features,3yOlyBJuViE2YSGn3nVE1K,spotify:track:3yOlyBJuViE2YSGn3nVE1K,https://api.spotify.com/v1/tracks/3yOlyBJuViE2YSGn3nVE1K,https://api.spotify.com/v1/audio-analysis/3yOlyBJuViE2YSGn3nVE1K,170746,4
20,Adore You,0.676,0.771,8,-3.675,1,0.0483,0.0237,7e-06,0.102,0.569,99.048,audio_features,3jjujdWJ72nww5eGnfs2E7,spotify:track:3jjujdWJ72nww5eGnfs2E7,https://api.spotify.com/v1/tracks/3jjujdWJ72nww5eGnfs2E7,https://api.spotify.com/v1/audio-analysis/3jjujdWJ72nww5eGnfs2E7,207133,4
21,Someone You Loved,0.501,0.405,1,-5.679,1,0.0319,0.751,0.0,0.105,0.446,109.891,audio_features,7qEHsqek33rTcFNT9PFqLf,spotify:track:7qEHsqek33rTcFNT9PFqLf,https://api.spotify.com/v1/tracks/7qEHsqek33rTcFNT9PFqLf,https://api.spotify.com/v1/audio-analysis/7qEHsqek33rTcFNT9PFqLf,182161,4
22,我們都是這樣長大的,0.427,0.409,5,-10.06,1,0.0306,0.716,0.0,0.0958,0.37,159.826,audio_features,37gQxPrcu81gpr5SbOlIJO,spotify:track:37gQxPrcu81gpr5SbOlIJO,https://api.spotify.com/v1/tracks/37gQxPrcu81gpr5SbOlIJO,https://api.spotify.com/v1/audio-analysis/37gQxPrcu81gpr5SbOlIJO,283184,4
23,Mean It,0.746,0.45,7,-8.543,1,0.0872,0.0407,0.0,0.172,0.336,95.998,audio_features,5ACkb3CikcSZPF0h7FSZAp,spotify:track:5ACkb3CikcSZPF0h7FSZAp,https://api.spotify.com/v1/tracks/5ACkb3CikcSZPF0h7FSZAp,https://api.spotify.com/v1/audio-analysis/5ACkb3CikcSZPF0h7FSZAp,232853,4
24,你瞞我瞞,0.65,0.425,9,-7.816,1,0.0266,0.834,0.0,0.12,0.403,75.988,audio_features,1eId3TVzGrwv73YAWAVQMX,spotify:track:1eId3TVzGrwv73YAWAVQMX,https://api.spotify.com/v1/tracks/1eId3TVzGrwv73YAWAVQMX,https://api.spotify.com/v1/audio-analysis/1eId3TVzGrwv73YAWAVQMX,237733,4
25,春秋,0.39,0.502,7,-5.508,1,0.027,0.805,0.0,0.2,0.451,98.687,audio_features,2WVbMoHdWCspdiEa7OnG1D,spotify:track:2WVbMoHdWCspdiEa7OnG1D,https://api.spotify.com/v1/tracks/2WVbMoHdWCspdiEa7OnG1D,https://api.spotify.com/v1/audio-analysis/2WVbMoHdWCspdiEa7OnG1D,259827,4
26,我們的基因,0.635,0.445,1,-8.185,0,0.0333,0.701,0.0,0.181,0.436,131.399,audio_features,6FoIspSXf48MlZUl5wlXmx,spotify:track:6FoIspSXf48MlZUl5wlXmx,https://api.spotify.com/v1/tracks/6FoIspSXf48MlZUl5wlXmx,https://api.spotify.com/v1/audio-analysis/6FoIspSXf48MlZUl5wlXmx,279547,4
27,Watermelon Sugar,0.548,0.816,0,-4.209,1,0.0465,0.122,0.0,0.335,0.557,95.39,audio_features,6UelLqGlWMcVH1E5c4H7lY,spotify:track:6UelLqGlWMcVH1E5c4H7lY,https://api.spotify.com/v1/tracks/6UelLqGlWMcVH1E5c4H7lY,https://api.spotify.com/v1/audio-analysis/6UelLqGlWMcVH1E5c4H7lY,174000,4
28,假使世界原來不像你預期,0.528,0.416,10,-8.492,1,0.0325,0.756,0.0,0.114,0.347,139.821,audio_features,53HxUdYRCRMdzYPG0qhGUP,spotify:track:53HxUdYRCRMdzYPG0qhGUP,https://api.spotify.com/v1/tracks/53HxUdYRCRMdzYPG0qhGUP,https://api.spotify.com/v1/audio-analysis/53HxUdYRCRMdzYPG0qhGUP,267531,4
29,Beautiful People (feat. Khalid),0.64,0.648,5,-8.113,0,0.187,0.124,0.0,0.0802,0.548,92.977,audio_features,70eFcWOvlMObDhURTqT4Fv,spotify:track:70eFcWOvlMObDhURTqT4Fv,https://api.spotify.com/v1/tracks/70eFcWOvlMObDhURTqT4Fv,https://api.spotify.com/v1/audio-analysis/70eFcWOvlMObDhURTqT4Fv,197867,4
30,有一種悲傷 - 電影《比悲傷更悲傷的故事》主題曲,0.36,0.233,7,-11.512,1,0.0509,0.9,3.96e-06,0.106,0.37,77.436,audio_features,6iNH42q8haGYDYGhKK6XiJ,spotify:track:6iNH42q8haGYDYGhKK6XiJ,https://api.spotify.com/v1/tracks/6iNH42q8haGYDYGhKK6XiJ,https://api.spotify.com/v1/audio-analysis/6iNH42q8haGYDYGhKK6XiJ,237000,4
31,I Don't Care (with Justin Bieber),0.798,0.675,6,-5.041,1,0.0442,0.0912,0.0,0.0894,0.842,101.956,audio_features,0hVXuCcriWRGvwMV1r5Yn9,spotify:track:0hVXuCcriWRGvwMV1r5Yn9,https://api.spotify.com/v1/tracks/0hVXuCcriWRGvwMV1r5Yn9,https://api.spotify.com/v1/audio-analysis/0hVXuCcriWRGvwMV1r5Yn9,219947,4
32,逃生門 (feat. 王灝兒) - 門外版,0.539,0.437,1,-9.871,1,0.0863,0.627,0.0,0.0875,0.356,147.95,audio_features,2WMOgfhslraKnEEbXSL5JJ,spotify:track:2WMOgfhslraKnEEbXSL5JJ,https://api.spotify.com/v1/tracks/2WMOgfhslraKnEEbXSL5JJ,https://api.spotify.com/v1/audio-analysis/2WMOgfhslraKnEEbXSL5JJ,269236,4
33,Before You Go,0.459,0.575,3,-4.858,1,0.0573,0.604,0.0,0.0885,0.183,111.881,audio_features,2gMXnyrvIjhVBUZwvLZDMP,spotify:track:2gMXnyrvIjhVBUZwvLZDMP,https://api.spotify.com/v1/tracks/2gMXnyrvIjhVBUZwvLZDMP,https://api.spotify.com/v1/audio-analysis/2gMXnyrvIjhVBUZwvLZDMP,215107,4
34,"你,好不好? - Ending Theme Song of TVBS Series ""Life List""",0.439,0.477,10,-5.638,1,0.0307,0.643,0.0,0.114,0.535,159.819,audio_features,2gug6MRv4xQFYi9LA3PJCS,spotify:track:2gug6MRv4xQFYi9LA3PJCS,https://api.spotify.com/v1/tracks/2gug6MRv4xQFYi9LA3PJCS,https://api.spotify.com/v1/audio-analysis/2gug6MRv4xQFYi9LA3PJCS,287307,4
35,未來見,0.518,0.572,2,-7.817,1,0.0287,0.0264,9.02e-05,0.3,0.136,145.907,audio_features,5OPqZ5dEqrdPGatJgnZ8xG,spotify:track:5OPqZ5dEqrdPGatJgnZ8xG,https://api.spotify.com/v1/tracks/5OPqZ5dEqrdPGatJgnZ8xG,https://api.spotify.com/v1/audio-analysis/5OPqZ5dEqrdPGatJgnZ8xG,300000,4
36,Good News,0.794,0.32,1,-12.92,0,0.173,0.853,0.134,0.112,0.241,174.088,audio_features,3ClBKQkKoaUQ6UOhe2xlJK,spotify:track:3ClBKQkKoaUQ6UOhe2xlJK,https://api.spotify.com/v1/tracks/3ClBKQkKoaUQ6UOhe2xlJK,https://api.spotify.com/v1/audio-analysis/3ClBKQkKoaUQ6UOhe2xlJK,342040,4
37,hot girl bummer,0.778,0.559,6,-7.109,0,0.0776,0.128,0.0,0.399,0.678,129.989,audio_features,7aiClxsDWFRQ0Kzk5KI5ku,spotify:track:7aiClxsDWFRQ0Kzk5KI5ku,https://api.spotify.com/v1/tracks/7aiClxsDWFRQ0Kzk5KI5ku,https://api.spotify.com/v1/audio-analysis/7aiClxsDWFRQ0Kzk5KI5ku,185093,1
38,句號,0.72,0.48,10,-8.552,1,0.0604,0.248,0.0,0.0704,0.464,143.945,audio_features,66YKSygcUZHHqHJZcWslI3,spotify:track:66YKSygcUZHHqHJZcWslI3,https://api.spotify.com/v1/tracks/66YKSygcUZHHqHJZcWslI3,https://api.spotify.com/v1/audio-analysis/66YKSygcUZHHqHJZcWslI3,235632,4
39,告白氣球,0.59,0.572,11,-7.658,1,0.0379,0.192,0.0,0.109,0.448,179.989,audio_features,1ivCIgrYZyE0BvItL4Z8lk,spotify:track:1ivCIgrYZyE0BvItL4Z8lk,https://api.spotify.com/v1/tracks/1ivCIgrYZyE0BvItL4Z8lk,https://api.spotify.com/v1/audio-analysis/1ivCIgrYZyE0BvItL4Z8lk,215147,4
40,囍帖街,0.613,0.491,0,-7.803,1,0.0295,0.792,0.0,0.127,0.492,125.915,audio_features,3hU9nGBhYJQwvF8BJ4PUcE,spotify:track:3hU9nGBhYJQwvF8BJ4PUcE,https://api.spotify.com/v1/tracks/3hU9nGBhYJQwvF8BJ4PUcE,https://api.spotify.com/v1/audio-analysis/3hU9nGBhYJQwvF8BJ4PUcE,211720,4
41,South of the Border (feat. Camila Cabello & Cardi B),0.857,0.621,9,-6.376,0,0.0824,0.148,0.0,0.0865,0.668,97.986,audio_features,4vUmTMuQqjdnvlZmAH61Qk,spotify:track:4vUmTMuQqjdnvlZmAH61Qk,https://api.spotify.com/v1/tracks/4vUmTMuQqjdnvlZmAH61Qk,https://api.spotify.com/v1/audio-analysis/4vUmTMuQqjdnvlZmAH61Qk,204467,4
42,命硬,0.495,0.503,3,-6.838,1,0.032,0.67,0.0,0.14,0.333,185.088,audio_features,47RgWWTJno746wCInL4gQz,spotify:track:47RgWWTJno746wCInL4gQz,https://api.spotify.com/v1/tracks/47RgWWTJno746wCInL4gQz,https://api.spotify.com/v1/audio-analysis/47RgWWTJno746wCInL4gQz,217014,3
43,Into the Unknown,0.323,0.405,10,-8.533,0,0.0413,0.849,0.000544,0.138,0.274,145.104,audio_features,3Z0oQ8r78OUaHvGPiDBR3W,spotify:track:3Z0oQ8r78OUaHvGPiDBR3W,https://api.spotify.com/v1/tracks/3Z0oQ8r78OUaHvGPiDBR3W,https://api.spotify.com/v1/audio-analysis/3Z0oQ8r78OUaHvGPiDBR3W,194848,5
44,Heartless,0.531,0.75,10,-5.831,0,0.111,0.00632,7.6e-05,0.117,0.198,169.954,audio_features,57vxBYXtHMk6H1aD29V7PU,spotify:track:57vxBYXtHMk6H1aD29V7PU,https://api.spotify.com/v1/tracks/57vxBYXtHMk6H1aD29V7PU,https://api.spotify.com/v1/audio-analysis/57vxBYXtHMk6H1aD29V7PU,200080,4
45,可惜我是水瓶座,0.537,0.385,3,-6.216,1,0.0391,0.841,0.0,0.0948,0.554,169.98,audio_features,1sWUT5hSawhEctQEQrVQdn,spotify:track:1sWUT5hSawhEctQEQrVQdn,https://api.spotify.com/v1/tracks/1sWUT5hSawhEctQEQrVQdn,https://api.spotify.com/v1/audio-analysis/1sWUT5hSawhEctQEQrVQdn,215333,4
46,Sunflower - Spider-Man: Into the Spider-Verse,0.755,0.522,2,-4.368,1,0.0575,0.533,0.0,0.0685,0.925,89.96,audio_features,0RiRZpuVRbi7oqRdSMwhQY,spotify:track:0RiRZpuVRbi7oqRdSMwhQY,https://api.spotify.com/v1/tracks/0RiRZpuVRbi7oqRdSMwhQY,https://api.spotify.com/v1/audio-analysis/0RiRZpuVRbi7oqRdSMwhQY,157560,4
47,How Do You Sleep?,0.477,0.682,1,-4.931,0,0.0925,0.153,0.0,0.0763,0.345,110.567,audio_features,6b2RcmUt1g9N9mQ3CbjX2Y,spotify:track:6b2RcmUt1g9N9mQ3CbjX2Y,https://api.spotify.com/v1/tracks/6b2RcmUt1g9N9mQ3CbjX2Y,https://api.spotify.com/v1/audio-analysis/6b2RcmUt1g9N9mQ3CbjX2Y,202205,5
48,Something Just Like This,0.617,0.635,11,-6.769,0,0.0317,0.0498,1.44e-05,0.164,0.446,103.019,audio_features,6RUKPb4LETWmmr3iAEQktW,spotify:track:6RUKPb4LETWmmr3iAEQktW,https://api.spotify.com/v1/tracks/6RUKPb4LETWmmr3iAEQktW,https://api.spotify.com/v1/audio-analysis/6RUKPb4LETWmmr3iAEQktW,247160,4
49,櫻花樹下,0.415,0.498,9,-5.022,1,0.0278,0.659,0.0,0.197,0.3,143.68,audio_features,2FgDWCqMCIAATvqr9ozeYm,spotify:track:2FgDWCqMCIAATvqr9ozeYm,https://api.spotify.com/v1/tracks/2FgDWCqMCIAATvqr9ozeYm,https://api.spotify.com/v1/audio-analysis/2FgDWCqMCIAATvqr9ozeYm,249987,4
